behavior,mean,sum,count
adding_knowledge,4.90952380952381,2062,420
example_testing,0.7428571428571429,312,420
uncertainty_estimation,2.664285714285714,1119,420
backtracking,1.7857142857142858,750,420
