behavior,mean,sum,count
adding_knowledge,3.688888888888889,664,180
example_testing,0.2722222222222222,49,180
uncertainty_estimation,0.17222222222222222,31,180
backtracking,0.3277777777777778,59,180
