behavior,mean,sum,count
adding_knowledge,3.2171945701357467,711,221
example_testing,1.2171945701357465,269,221
uncertainty_estimation,5.615384615384615,1241,221
backtracking,3.6289592760180995,802,221
