iteration,adding_knowledge,adding_knowledge,adding_knowledge,example_testing,example_testing,example_testing,uncertainty_estimation,uncertainty_estimation,uncertainty_estimation,backtracking,backtracking,backtracking
,mean,sum,count,mean,sum,count,mean,sum,count,mean,sum,count
1,3.9464285714285716,221,56,1.2678571428571428,71,56,5.821428571428571,326,56,4.125,231,56
2,4.109090909090909,226,55,2.3636363636363638,130,55,7.581818181818182,417,55,4.054545454545455,223,55
3,2.8181818181818183,155,55,0.6545454545454545,36,55,3.981818181818182,219,55,2.8545454545454545,157,55
4,1.981818181818182,109,55,0.5818181818181818,32,55,5.072727272727272,279,55,3.4727272727272727,191,55
