behavior,mean,sum,count
adding_knowledge,4.574837310195227,2109,461
example_testing,1.1540130151843817,532,461
uncertainty_estimation,5.052060737527115,2329,461
backtracking,3.238611713665944,1493,461
