iteration,adding_knowledge,adding_knowledge,adding_knowledge,example_testing,example_testing,example_testing,uncertainty_estimation,uncertainty_estimation,uncertainty_estimation,backtracking,backtracking,backtracking
,mean,sum,count,mean,sum,count,mean,sum,count,mean,sum,count
1,5.533333333333333,332,60,0.8666666666666667,52,60,4.6,276,60,3.2333333333333334,194,60
2,5.916666666666667,355,60,1.1833333333333333,71,60,4.283333333333333,257,60,2.85,171,60
3,5.983333333333333,359,60,1.0166666666666666,61,60,4.583333333333333,275,60,2.683333333333333,161,60
4,5.866666666666666,352,60,1.3166666666666667,79,60,4.666666666666667,280,60,2.75,165,60
