behavior,mean,sum,count
adding_knowledge,5.825,1398,240
example_testing,1.0958333333333334,263,240
uncertainty_estimation,4.533333333333333,1088,240
backtracking,2.879166666666667,691,240
