behavior,mean,sum,count
adding_knowledge,3.783333333333333,454,120
example_testing,0.26666666666666666,32,120
uncertainty_estimation,0.19166666666666668,23,120
backtracking,0.3,36,120
