iteration,adding_knowledge,adding_knowledge,adding_knowledge,example_testing,example_testing,example_testing,uncertainty_estimation,uncertainty_estimation,uncertainty_estimation,backtracking,backtracking,backtracking
,mean,sum,count,mean,sum,count,mean,sum,count,mean,sum,count
1,3.5,210,60,0.2833333333333333,17,60,0.13333333333333333,8,60,0.38333333333333336,23,60
2,3.533333333333333,212,60,0.25,15,60,0.25,15,60,0.38333333333333336,23,60
3,4.033333333333333,242,60,0.2833333333333333,17,60,0.13333333333333333,8,60,0.21666666666666667,13,60
