behavior,mean,sum,count
adding_knowledge,3.5,210,60
example_testing,0.2833333333333333,17,60
uncertainty_estimation,0.13333333333333333,8,60
backtracking,0.38333333333333336,23,60
