{
  "total_problems": 44,
  "token_usage": {
    "prompt_tokens": 12619262,
    "completion_tokens": 6336400,
    "total_tokens": 18955662
  },
  "cost_info": {
    "prompt_cost": 6.309630999999993,
    "completion_cost": 3.1682000000000183,
    "total_cost": 9.477831000000004
  },
  "problems": {
    "H6-038": {
      "token_usage": {
        "total": {
          "prompt_tokens": 252474,
          "completion_tokens": 146338,
          "total_tokens": 398812
        }
      },
      "cost_info": {
        "total": {
          "prompt_cost": 0.12623700000000002,
          "completion_cost": 0.07316900000000001,
          "total_cost": 0.19940599999999997
        }
      }
    },
    "H6-064": {
      "token_usage": {
        "total": {
          "prompt_tokens": 94674,
          "completion_tokens": 78328,
          "total_tokens": 173002
        }
      },
      "cost_info": {
        "total": {
          "prompt_cost": 0.047337,
          "completion_cost": 0.039164,
          "total_cost": 0.086501
        }
      }
    },
    "H6-129": {
      "token_usage": {
        "total": {
          "prompt_tokens": 165614,
          "completion_tokens": 64826,
          "total_tokens": 230440
        }
      },
      "cost_info": {
        "total": {
          "prompt_cost": 0.082807,
          "completion_cost": 0.032413,
          "total_cost": 0.11521999999999999
        }
      }
    },
    "H6-132": {
      "token_usage": {
        "total": {
          "prompt_tokens": 239000,
          "completion_tokens": 137632,
          "total_tokens": 376632
        }
      },
      "cost_info": {
        "total": {
          "prompt_cost": 0.11950000000000001,
          "completion_cost": 0.068816,
          "total_cost": 0.188316
        }
      }
    },
    "H6-140": {
      "token_usage": {
        "total": {
          "prompt_tokens": 99008,
          "completion_tokens": 49360,
          "total_tokens": 148368
        }
      },
      "cost_info": {
        "total": {
          "prompt_cost": 0.04950399999999999,
          "completion_cost": 0.02468,
          "total_cost": 0.074184
        }
      }
    },
    "H6-141": {
      "token_usage": {
        "total": {
          "prompt_tokens": 108928,
          "completion_tokens": 64000,
          "total_tokens": 172928
        }
      },
      "cost_info": {
        "total": {
          "prompt_cost": 0.054464,
          "completion_cost": 0.032,
          "total_cost": 0.08646399999999999
        }
      }
    },
    "H6-144": {
      "token_usage": {
        "total": {
          "prompt_tokens": 531494,
          "completion_tokens": 243930,
          "total_tokens": 775424
        }
      },
      "cost_info": {
        "total": {
          "prompt_cost": 0.265747,
          "completion_cost": 0.12196500000000003,
          "total_cost": 0.38771199999999995
        }
      }
    },
    "H6-146": {
      "token_usage": {
        "total": {
          "prompt_tokens": 61520,
          "completion_tokens": 45456,
          "total_tokens": 106976
        }
      },
      "cost_info": {
        "total": {
          "prompt_cost": 0.030760000000000003,
          "completion_cost": 0.022728000000000005,
          "total_cost": 0.053487999999999994
        }
      }
    },
    "H6-152": {
      "token_usage": {
        "total": {
          "prompt_tokens": 354216,
          "completion_tokens": 148420,
          "total_tokens": 502636
        }
      },
      "cost_info": {
        "total": {
          "prompt_cost": 0.177108,
          "completion_cost": 0.07421000000000001,
          "total_cost": 0.251318
        }
      }
    },
    "H6-153": {
      "token_usage": {
        "total": {
          "prompt_tokens": 118070,
          "completion_tokens": 93438,
          "total_tokens": 211508
        }
      },
      "cost_info": {
        "total": {
          "prompt_cost": 0.059035000000000004,
          "completion_cost": 0.046719,
          "total_cost": 0.10575399999999996
        }
      }
    },
    "H6-159": {
      "token_usage": {
        "total": {
          "prompt_tokens": 551918,
          "completion_tokens": 241998,
          "total_tokens": 793916
        }
      },
      "cost_info": {
        "total": {
          "prompt_cost": 0.27595899999999995,
          "completion_cost": 0.12099900000000001,
          "total_cost": 0.396958
        }
      }
    },
    "H6-161": {
      "token_usage": {
        "total": {
          "prompt_tokens": 469358,
          "completion_tokens": 228926,
          "total_tokens": 698284
        }
      },
      "cost_info": {
        "total": {
          "prompt_cost": 0.23467900000000005,
          "completion_cost": 0.114463,
          "total_cost": 0.3491420000000001
        }
      }
    },
    "H6-163": {
      "token_usage": {
        "total": {
          "prompt_tokens": 81144,
          "completion_tokens": 47596,
          "total_tokens": 128740
        }
      },
      "cost_info": {
        "total": {
          "prompt_cost": 0.040572,
          "completion_cost": 0.023797999999999993,
          "total_cost": 0.06437
        }
      }
    },
    "H6-165": {
      "token_usage": {
        "total": {
          "prompt_tokens": 95044,
          "completion_tokens": 46166,
          "total_tokens": 141210
        }
      },
      "cost_info": {
        "total": {
          "prompt_cost": 0.047522,
          "completion_cost": 0.023083,
          "total_cost": 0.070605
        }
      }
    },
    "H6-166": {
      "token_usage": {
        "total": {
          "prompt_tokens": 362338,
          "completion_tokens": 188852,
          "total_tokens": 551190
        }
      },
      "cost_info": {
        "total": {
          "prompt_cost": 0.18116899999999997,
          "completion_cost": 0.09442600000000004,
          "total_cost": 0.2755949999999999
        }
      }
    },
    "H6-167": {
      "token_usage": {
        "total": {
          "prompt_tokens": 480740,
          "completion_tokens": 200232,
          "total_tokens": 680972
        }
      },
      "cost_info": {
        "total": {
          "prompt_cost": 0.24036999999999992,
          "completion_cost": 0.10011600000000004,
          "total_cost": 0.34048599999999996
        }
      }
    },
    "H6-168": {
      "token_usage": {
        "total": {}
      },
      "cost_info": {
        "total": {}
      }
    },
    "H6-171": {
      "token_usage": {
        "total": {
          "prompt_tokens": 295770,
          "completion_tokens": 150858,
          "total_tokens": 446628
        }
      },
      "cost_info": {
        "total": {
          "prompt_cost": 0.147885,
          "completion_cost": 0.075429,
          "total_cost": 0.22331400000000007
        }
      }
    },
    "H6-172": {
      "token_usage": {
        "total": {
          "prompt_tokens": 115872,
          "completion_tokens": 83368,
          "total_tokens": 199240
        }
      },
      "cost_info": {
        "total": {
          "prompt_cost": 0.057936,
          "completion_cost": 0.041683999999999985,
          "total_cost": 0.09962
        }
      }
    },
    "H6-173": {
      "token_usage": {
        "total": {
          "prompt_tokens": 381758,
          "completion_tokens": 187674,
          "total_tokens": 569432
        }
      },
      "cost_info": {
        "total": {
          "prompt_cost": 0.190879,
          "completion_cost": 0.093837,
          "total_cost": 0.2847159999999999
        }
      }
    },
    "H6-174": {
      "token_usage": {
        "total": {
          "prompt_tokens": 437648,
          "completion_tokens": 220916,
          "total_tokens": 658564
        }
      },
      "cost_info": {
        "total": {
          "prompt_cost": 0.218824,
          "completion_cost": 0.11045800000000003,
          "total_cost": 0.329282
        }
      }
    },
    "H6-175": {
      "token_usage": {
        "total": {
          "prompt_tokens": 139566,
          "completion_tokens": 109842,